Scheduled Departure,Date,Destination Code,Destination City,Flight Number,Airline,Status,Actual Departure Time
02:05,27 Nov,RGA,Rio Grande,AR1844,Aerolineas Argentinas,Departed,02:07
04:05,27 Nov,FTE,El Calafate,AR1872,Aerolineas Argentinas,Departed,04:14
04:45,27 Nov,JUJ,Jujuy,AR1470,Aerolineas Argentinas,Departed,04:48
05:10,27 Nov,CWB,Curitiba,AR1228,Aerolineas Argentinas,Departed,05:21
05:15,27 Nov,NQN,Neuquen,AR1664,Aerolineas Argentinas,Departed,05:25
05:25,27 Nov,POA,Porto Alegre,AR1234,Aerolineas Argentinas,Departed,06:44
05:55,27 Nov,COR,Cordoba,AR1542,Aerolineas Argentinas,Departed,05:55
06:30,27 Nov,GRU,Sao Paulo,AR1240,Aerolineas Argentinas,Departed,06:37
06:45,27 Nov,SLA,Salta,AR1452,Aerolineas Argentinas,Departed,06:52
07:00,27 Nov,MDZ,Mendoza,AR1410,Aerolineas Argentinas,Departed,07:11
07:10,27 Nov,COR,Cordoba,AR1508,Aerolineas Argentinas,Departed,07:22
07:15,27 Nov,SFN,Santa Fe,AR1720,Aerolineas Argentinas,Departed,07:18
07:15,27 Nov,MDQ,Mar Del Plata,AR1602,Aerolineas Argentinas,Departed,07:27
07:35,27 Nov,GIG,Rio De Janeiro,AR1260,Aerolineas Argentinas,Departed,07:42
07:45,27 Nov,CNQ,Corrientes,AR1770,Aerolineas Argentinas,Departed,07:48
07:55,27 Nov,GRU,Sao Paulo,AR1244,Aerolineas Argentinas,Departed,08:05
08:10,27 Nov,MDZ,Mendoza,AR1412,Aerolineas Argentinas,Departed,08:23
08:15,27 Nov,NQN,Neuquen,AR1650,Aerolineas Argentinas,Departed,08:27
08:20,27 Nov,ROS,Rosario,AR1702,Aerolineas Argentinas,Departed,08:32
08:30,27 Nov,RGL,Rio Gallegos,AR1800,Aerolineas Argentinas,Departed,08:55
08:45,27 Nov,USH,Ushuaia,AR1898,Aerolineas Argentinas,Departed,09:00
08:55,27 Nov,IGR,Iguazu,AR1732,Aerolineas Argentinas,Departed,09:40
09:10,27 Nov,FMA,Formosa,AR1768,Aerolineas Argentinas,Estimated,10:15
09:10,27 Nov,CPC,San Martin De Los Andes,AR1672,Aerolineas Argentinas,Departed,09:21
09:20,27 Nov,BRC,San Carlos de Bariloche,AR1682,Aerolineas Argentinas,Departed,09:57
09:40,27 Nov,SLA,Salta,AR1456,Aerolineas Argentinas,Departed,10:04
09:45,27 Nov,ASU,Asuncion,AR1342,Aerolineas Argentinas,Departed,10:07
09:50,27 Nov,BHI,Bahia Blanca,AR1620,Aerolineas Argentinas,Departed,10:10
09:55,27 Nov,MDQ,Mar Del Plata,AR1608,Aerolineas Argentinas,Departed,10:15
10:00,27 Nov,CRD,Comodoro Rivadavia,AR1834,Aerolineas Argentinas,Departed,10:25
10:10,27 Nov,MDZ,Mendoza,AR1406,Aerolineas Argentinas,Departed,10:34
10:15,27 Nov,MVD,Montevideo,AR1384,Aerolineas Argentinas,Departed,10:31
10:20,27 Nov,LUQ,San Luis,AR1430,Aerolineas Argentinas,Departed,10:37
10:40,27 Nov,COR,Cordoba,AR1510,Aerolineas Argentinas,Estimated,10:45
10:40,27 Nov,MDZ,Mendoza,AR1448,Aerolineas Argentinas,Departed,11:37
10:50,27 Nov,RES,Resistencia,AR1780,Aerolineas Argentinas,Departed,11:06
11:10,27 Nov,FTE,El Calafate,AR1876,Aerolineas Argentinas,Departed,11:40
11:10,27 Nov,SCL,Santiago,AR1284,Aerolineas Argentinas,Departed,11:28
11:40,27 Nov,AFA,San Rafael,AR1434,Aerolineas Argentinas,Departed,11:50
11:45,27 Nov,CPC,San Martin De Los Andes,AR1670,Aerolineas Argentinas,Departed,12:07
11:50,27 Nov,CNQ,Corrientes,AR1772,Aerolineas Argentinas,Departed,11:58
11:50,27 Nov,IGR,Iguazu,AR1736,Aerolineas Argentinas,Departed,12:31
11:55,27 Nov,SLA,Salta,AR1454,Aerolineas Argentinas,Departed,12:04
12:10,27 Nov,GIG,Rio De Janeiro,G37653,Gol,Departed,12:17
12:10,27 Nov,SDE,Santiago Del Estero,AR1494,Aerolineas Argentinas,Departed,12:44
12:50,27 Nov,GRU,Sao Paulo,LA8033,LATAM Airlines,Departed,12:55
12:55,27 Nov,EQS,Esquel,AR1666,Aerolineas Argentinas,Departed,13:58
13:00,27 Nov,CTC,Catamarca,AR1442,Aerolineas Argentinas,Estimated,13:00
13:25,27 Nov,USH,Ushuaia,AR1892,Aerolineas Argentinas,Departed,14:20
13:30,27 Nov,SCL,Santiago,AR1286,Aerolineas Argentinas,Departed,15:46
13:35,27 Nov,BRC,San Carlos de Bariloche,AR1644,Aerolineas Argentinas,Departed,13:49
13:40,27 Nov,FMA,Formosa,AR1760,Aerolineas Argentinas,Departed,13:56
13:55,27 Nov,VDM,Viedma,AR1640,Aerolineas Argentinas,Departed,14:07
14:10,27 Nov,GRU,Sao Paulo,G37665,Gol,Departed,14:31
14:30,27 Nov,BRC,San Carlos de Bariloche,AR1676,Aerolineas Argentinas,Estimated,16:36
14:30,27 Nov,NQN,Neuquen,AR1656,Aerolineas Argentinas,Departed,15:19
14:30,27 Nov,UAQ,San Juan,AR1422,Aerolineas Argentinas,Departed,16:04
14:40,27 Nov,IRJ,La Rioja,AR1440,Aerolineas Argentinas,Departed,14:51
14:55,27 Nov,RES,Resistencia,AR1782,Aerolineas Argentinas,Departed,15:04
15:15,27 Nov,GRU,Sao Paulo,AR1242,Aerolineas Argentinas,Departed,15:41
15:25,27 Nov,TUC,Tucuman,AR1486,Aerolineas Argentinas,Departed,15:49
15:40,27 Nov,MDQ,Mar Del Plata,AR1604,Aerolineas Argentinas,Departed,15:57
15:50,27 Nov,IGR,Iguazu,AR1738,Aerolineas Argentinas,Departed,16:31
16:00,27 Nov,FTE,El Calafate,AR1874,Aerolineas Argentinas,Departed,16:23
16:05,27 Nov,REL,Trelew,AR1850,Aerolineas Argentinas,Departed,16:35
16:20,27 Nov,SFN,Santa Fe,AR1722,Aerolineas Argentinas,Departed,16:52
16:35,27 Nov,BRC,San Carlos de Bariloche,AR1690,Aerolineas Argentinas,Departed,16:59
16:45,27 Nov,BOG,Bogota,AR1360,Aerolineas Argentinas,Departed,16:56
16:55,27 Nov,CTC,Catamarca,AR1444,Aerolineas Argentinas,Departed,18:15
17:05,27 Nov,MDZ,Mendoza,AR1400,Aerolineas Argentinas,Departed,17:13
17:15,27 Nov,MDQ,Mar Del Plata,AR1610,Aerolineas Argentinas,Departed,17:34
17:20,27 Nov,CRD,Comodoro Rivadavia,AR1822,Aerolineas Argentinas,Departed,18:56
17:30,27 Nov,COR,Cordoba,AR1544,Aerolineas Argentinas,Departed,18:35
17:40,27 Nov,PSS,Posadas,AR1766,Aerolineas Argentinas,Estimated,19:20
18:00,27 Nov,COR,Cordoba,AR1506,Aerolineas Argentinas,Unknown,18:05
18:05,27 Nov,JUJ,Jujuy,AR1472,Aerolineas Argentinas,Departed,18:27
18:25,27 Nov,RSA,Santa Rosa,AR1520,Aerolineas Argentinas,Departed,18:39
18:30,27 Nov,UAQ,San Juan,AR1424,Aerolineas Argentinas,Departed,18:46
18:30,27 Nov,MDZ,Mendoza,AR1402,Aerolineas Argentinas,Departed,19:24
18:50,27 Nov,IGR,Iguazu,AR1740,Aerolineas Argentinas,Departed,19:05
18:50,27 Nov,LIM,Lima,AR1364,Aerolineas Argentinas,Departed,19:12
19:20,27 Nov,SDE,Santiago Del Estero,AR1490,Aerolineas Argentinas,Departed,20:35
19:25,27 Nov,MDZ,Mendoza,AR1416,Aerolineas Argentinas,Departed,19:54
19:30,27 Nov,COR,Cordoba,AR1500,Aerolineas Argentinas,Departed,20:16
19:30,27 Nov,SCL,Santiago,AR1282,Aerolineas Argentinas,Departed,19:41
20:10,27 Nov,GIG,Rio De Janeiro,AR1262,Aerolineas Argentinas,Departed,20:49
20:20,27 Nov,FLN,Florianopolis,G37693,Gol,Departed,20:30
20:35,27 Nov,ROS,Rosario,AR1708,Aerolineas Argentinas,Departed,21:31
20:40,27 Nov,BHI,Bahia Blanca,AR1622,Aerolineas Argentinas,Departed,20:57
20:45,27 Nov,NQN,Neuquen,AR1652,Aerolineas Argentinas,Departed,21:48
21:40,27 Nov,GRU,Sao Paulo,AR1246,Aerolineas Argentinas,Departed,21:50
23:55,27 Nov,ASU,Asuncion,AR1340,Aerolineas Argentinas,Departed,00:01
04:05,28 Nov,REL,Trelew,AR1854,Aerolineas Argentinas,Departed,04:35
04:20,28 Nov,BSB,Brasilia,AR1216,Aerolineas Argentinas,Departed,04:33
04:40,28 Nov,USH,Ushuaia,AR1882,Aerolineas Argentinas,Departed,04:44
04:45,28 Nov,JUJ,Jujuy,AR1470,Aerolineas Argentinas,Departed,04:57
05:15,28 Nov,IGR,Iguazu,AR1730,Aerolineas Argentinas,Departed,05:16
05:15,28 Nov,NQN,Neuquen,AR1664,Aerolineas Argentinas,Departed,05:23
05:35,28 Nov,FTE,El Calafate,AR1866,Aerolineas Argentinas,Departed,05:40
06:00,28 Nov,MDZ,Mendoza,AR1426,Aerolineas Argentinas,Departed,06:13
06:10,28 Nov,MVD,Montevideo,AR1380,Aerolineas Argentinas,Departed,06:19
06:30,28 Nov,GRU,Sao Paulo,AR1240,Aerolineas Argentinas,Departed,06:49
06:40,28 Nov,IGR,Iguazu,AR1734,Aerolineas Argentinas,Departed,06:55
06:45,28 Nov,TUC,Tucuman,AR1478,Aerolineas Argentinas,Departed,06:59
07:15,28 Nov,SFN,Santa Fe,AR1720,Aerolineas Argentinas,Departed,07:25
07:15,28 Nov,COR,Cordoba,AR1508,Aerolineas Argentinas,Departed,07:29
07:20,28 Nov,MDQ,Mar Del Plata,AR1602,Aerolineas Argentinas,Departed,07:36
07:35,28 Nov,GIG,Rio De Janeiro,AR1260,Aerolineas Argentinas,Departed,07:55
07:40,28 Nov,IGR,Iguazu,AR1732,Aerolineas Argentinas,Departed,07:58
08:10,28 Nov,MDZ,Mendoza,AR1412,Aerolineas Argentinas,Departed,08:26
08:30,28 Nov,FMA,Formosa,AR1768,Aerolineas Argentinas,Departed,08:40
08:30,28 Nov,BRC,San Carlos de Bariloche,AR1682,Aerolineas Argentinas,Departed,08:45
08:40,28 Nov,RGL,Rio Gallegos,AR1800,Aerolineas Argentinas,Departed,09:08
09:10,28 Nov,GRU,Sao Paulo,AR1248,Aerolineas Argentinas,Departed,09:44
09:30,28 Nov,NQN,Neuquen,AR1658,Aerolineas Argentinas,Departed,09:50
09:30,28 Nov,BRC,San Carlos de Bariloche,AR1642,Aerolineas Argentinas,Departed,09:41
09:40,28 Nov,SLA,Salta,AR1456,Aerolineas Argentinas,Departed,10:02
09:40,28 Nov,MDZ,Mendoza,AR1400,Aerolineas Argentinas,Departed,10:11
09:50,28 Nov,BHI,Bahia Blanca,AR1620,Aerolineas Argentinas,Departed,09:59
09:55,28 Nov,FTE,El Calafate,AR1860,Aerolineas Argentinas,Departed,10:21
10:10,28 Nov,BRC,San Carlos de Bariloche,AR1684,Aerolineas Argentinas,Departed,10:30
10:15,28 Nov,MVD,Montevideo,AR1384,Aerolineas Argentinas,Departed,10:26
10:20,28 Nov,LUQ,San Luis,AR1430,Aerolineas Argentinas,Departed,10:43
10:50,28 Nov,RES,Resistencia,AR1780,Aerolineas Argentinas,Departed,10:58
11:00,28 Nov,MDZ,Mendoza,AR1448,Aerolineas Argentinas,Departed,11:31
11:05,28 Nov,MDQ,Mar Del Plata,AR1608,Aerolineas Argentinas,Departed,11:26
11:10,28 Nov,SCL,Santiago,AR1284,Aerolineas Argentinas,Departed,11:49
11:35,28 Nov,CRD,Comodoro Rivadavia,AR1838,Aerolineas Argentinas,Departed,11:52
11:40,28 Nov,GIG,Rio De Janeiro,G37653,Gol,Departed,11:54
11:40,28 Nov,AFA,San Rafael,AR1434,Aerolineas Argentinas,Departed,12:08
12:00,28 Nov,IGR,Iguazu,AR1758,Aerolineas Argentinas,Departed,12:19
12:05,28 Nov,SLA,Salta,AR1450,Aerolineas Argentinas,Departed,12:22
12:10,28 Nov,FTE,El Calafate,AR1876,Aerolineas Argentinas,Departed,12:24
12:10,28 Nov,SDE,Santiago Del Estero,AR1494,Aerolineas Argentinas,Departed,12:27
12:50,28 Nov,FMA,Formosa,AR1760,Aerolineas Argentinas,Estimated,13:24
12:50,28 Nov,GRU,Sao Paulo,LA8033,LATAM Airlines,Departed,12:57
13:00,28 Nov,CPC,San Martin De Los Andes,AR1670,Aerolineas Argentinas,Departed,13:24
13:20,28 Nov,COR,Cordoba,AR1542,Aerolineas Argentinas,Departed,13:55
13:30,28 Nov,SCL,Santiago,AR1286,Aerolineas Argentinas,Departed,13:42
13:40,28 Nov,GRU,Sao Paulo,G37665,Gol,Departed,13:48
13:40,28 Nov,RES,Resistencia,AR1784,Aerolineas Argentinas,Departed,14:07
13:50,28 Nov,CWB,Curitiba,AR1226,Aerolineas Argentinas,Departed,14:26
14:25,28 Nov,UAQ,San Juan,AR1422,Aerolineas Argentinas,Departed,14:40
14:50,28 Nov,MDZ,Mendoza,AR1410,Aerolineas Argentinas,Departed,14:56
15:15,28 Nov,FTE,El Calafate,AR1874,Aerolineas Argentinas,Departed,15:33
15:15,28 Nov,GRU,Sao Paulo,AR1242,Aerolineas Argentinas,Departed,15:31
15:25,28 Nov,CRD,Comodoro Rivadavia,AR1826,Aerolineas Argentinas,Departed,15:27
15:25,28 Nov,TUC,Tucuman,AR1486,Aerolineas Argentinas,Departed,15:36
15:35,28 Nov,NQN,Neuquen,AR1656,Aerolineas Argentinas,Departed,15:55
15:55,28 Nov,USH,Ushuaia,AR1886,Aerolineas Argentinas,Departed,16:27
16:05,28 Nov,REL,Trelew,AR1850,Aerolineas Argentinas,Departed,16:16
16:10,28 Nov,IRJ,La Rioja,AR1440,Aerolineas Argentinas,Departed,16:12
16:20,28 Nov,SFN,Santa Fe,AR1722,Aerolineas Argentinas,Departed,16:33
16:20,28 Nov,BRC,San Carlos de Bariloche,AR1690,Aerolineas Argentinas,Departed,16:26
16:40,28 Nov,IGR,Iguazu,AR1738,Aerolineas Argentinas,Departed,16:57
16:45,28 Nov,BOG,Bogota,AR1360,Aerolineas Argentinas,Departed,17:02
17:00,28 Nov,CTC,Catamarca,AR1442,Aerolineas Argentinas,Departed,17:22
17:15,28 Nov,MDQ,Mar Del Plata,AR1610,Aerolineas Argentinas,Departed,17:35
17:20,28 Nov,CRD,Comodoro Rivadavia,AR1822,Aerolineas Argentinas,Departed,17:41
17:30,28 Nov,COR,Cordoba,AR1544,Aerolineas Argentinas,Departed,17:40
17:45,28 Nov,JUJ,Jujuy,AR1472,Aerolineas Argentinas,Departed,17:55
18:00,28 Nov,GRU,Sao Paulo,G37685,Gol,Departed,18:55
18:00,28 Nov,COR,Cordoba,AR1506,Aerolineas Argentinas,Departed,18:33
18:20,28 Nov,POA,Porto Alegre,AR1232,Aerolineas Argentinas,Departed,18:40
18:25,28 Nov,RSA,Santa Rosa,AR1520,Aerolineas Argentinas,Departed,18:32
18:35,28 Nov,UAQ,San Juan,AR1424,Aerolineas Argentinas,Departed,18:44
18:50,28 Nov,LIM,Lima,AR1364,Aerolineas Argentinas,Departed,19:09
19:10,28 Nov,NQN,Neuquen,AR1654,Aerolineas Argentinas,Departed,19:36
19:10,28 Nov,SSA,Salvador,AR1220,Aerolineas Argentinas,Departed,19:31
19:20,28 Nov,SDE,Santiago Del Estero,AR1490,Aerolineas Argentinas,Departed,19:34
19:25,28 Nov,MDZ,Mendoza,AR1416,Aerolineas Argentinas,Departed,19:53
19:30,28 Nov,SCL,Santiago,AR1282,Aerolineas Argentinas,Departed,19:48
19:35,28 Nov,PSS,Posadas,AR1762,Aerolineas Argentinas,Departed,20:09
20:10,28 Nov,GIG,Rio De Janeiro,AR1262,Aerolineas Argentinas,Departed,20:29
20:20,28 Nov,FLN,Florianopolis,G37693,Gol,Departed,20:25
20:35,28 Nov,ROS,Rosario,AR1708,Aerolineas Argentinas,Departed,20:51
20:40,28 Nov,BHI,Bahia Blanca,AR1622,Aerolineas Argentinas,Departed,21:08
20:45,28 Nov,NQN,Neuquen,AR1652,Aerolineas Argentinas,Departed,21:38
21:40,28 Nov,GRU,Sao Paulo,AR1246,Aerolineas Argentinas,Departed,21:50
23:55,28 Nov,ASU,Asuncion,AR1340,Aerolineas Argentinas,Departed,00:03
02:05,29 Nov,RGA,Rio Grande,AR1844,Aerolineas Argentinas,Departed,02:10
04:05,29 Nov,REL,Trelew,AR1854,Aerolineas Argentinas,Departed,04:01
04:25,29 Nov,JUJ,Jujuy,AR1470,Aerolineas Argentinas,Departed,04:35
05:05,29 Nov,FTE,El Calafate,AR1866,Aerolineas Argentinas,Departed,05:11
05:15,29 Nov,IGR,Iguazu,AR1730,Aerolineas Argentinas,Departed,05:25
05:15,29 Nov,NQN,Neuquen,AR1664,Aerolineas Argentinas,Departed,05:21
05:55,29 Nov,COR,Cordoba,AR1542,Aerolineas Argentinas,Departed,06:17
06:30,29 Nov,GRU,Sao Paulo,AR1240,Aerolineas Argentinas,Departed,06:49
07:00,29 Nov,MDZ,Mendoza,AR1410,Aerolineas Argentinas,Departed,07:09
07:05,29 Nov,COR,Cordoba,AR1508,Aerolineas Argentinas,Departed,07:20
07:10,29 Nov,TUC,Tucuman,AR1482,Aerolineas Argentinas,Departed,07:25
07:15,29 Nov,SFN,Santa Fe,AR1720,Aerolineas Argentinas,Departed,07:34
07:20,29 Nov,MDQ,Mar Del Plata,AR1602,Aerolineas Argentinas,Estimated,09:30
07:35,29 Nov,ROS,Rosario,AR1702,Aerolineas Argentinas,Departed,07:55
07:35,29 Nov,BRC,San Carlos de Bariloche,AR1682,Aerolineas Argentinas,Departed,07:51
07:35,29 Nov,GIG,Rio De Janeiro,AR1260,Aerolineas Argentinas,Departed,07:47
08:15,29 Nov,NQN,Neuquen,AR1650,Aerolineas Argentinas,Departed,08:42
08:45,29 Nov,USH,Ushuaia,AR1898,Aerolineas Argentinas,Departed,09:15
08:50,29 Nov,CNQ,Corrientes,AR1770,Aerolineas Argentinas,Departed,09:19
09:10,29 Nov,GRU,Sao Paulo,AR1248,Aerolineas Argentinas,Departed,09:29
09:15,29 Nov,MDZ,Mendoza,AR1404,Aerolineas Argentinas,Departed,09:35
09:40,29 Nov,SLA,Salta,AR1456,Aerolineas Argentinas,Departed,10:11
09:45,29 Nov,MDQ,Mar Del Plata,AR1608,Aerolineas Argentinas,Departed,10:42
09:45,29 Nov,ASU,Asuncion,AR1342,Aerolineas Argentinas,Departed,10:46
09:50,29 Nov,IGR,Iguazu,AR1746,Aerolineas Argentinas,Departed,10:28
09:50,29 Nov,BHI,Bahia Blanca,AR1620,Aerolineas Argentinas,Departed,10:37
09:55,29 Nov,BRC,San Carlos de Bariloche,AR1684,Aerolineas Argentinas,Departed,10:51
10:00,29 Nov,CRD,Comodoro Rivadavia,AR1834,Aerolineas Argentinas,Departed,10:33
10:15,29 Nov,MVD,Montevideo,AR1384,Aerolineas Argentinas,Estimated,11:15
10:20,29 Nov,LUQ,San Luis,AR1430,Aerolineas Argentinas,Departed,10:49
10:40,29 Nov,MDZ,Mendoza,AR1448,Aerolineas Argentinas,Departed,11:03
10:45,29 Nov,REL,Trelew,AR1852,Aerolineas Argentinas,Departed,11:12
10:50,29 Nov,RES,Resistencia,AR1780,Aerolineas Argentinas,Departed,10:58
11:05,29 Nov,FTE,El Calafate,AR1698,Aerolineas Argentinas,Departed,11:56
11:10,29 Nov,SLA,Salta,AR1468,Aerolineas Argentinas,Departed,11:42
11:10,29 Nov,SCL,Santiago,AR1284,Aerolineas Argentinas,Departed,11:35
11:30,29 Nov,COR,Cordoba,AR1510,Aerolineas Argentinas,Departed,12:03
11:40,29 Nov,MDQ,Mar Del Plata,AR1604,Aerolineas Argentinas,Departed,12:00
11:50,29 Nov,GIG,Rio De Janeiro,G37653,Gol,Departed,12:16
11:50,29 Nov,GIG,Rio De Janeiro,AR1268,Aerolineas Argentinas,Departed,12:23
12:10,29 Nov,FTE,El Calafate,AR1876,Aerolineas Argentinas,Departed,12:28
12:30,29 Nov,SLA,Salta,AR1450,Aerolineas Argentinas,Departed,12:38
12:45,29 Nov,CPC,San Martin De Los Andes,AR1670,Aerolineas Argentinas,Departed,12:58
12:50,29 Nov,GRU,Sao Paulo,LA8033,LATAM Airlines,Departed,12:52
12:50,29 Nov,USH,Ushuaia,AR1880,Aerolineas Argentinas,Departed,13:13
13:00,29 Nov,EQS,Esquel,AR1666,Aerolineas Argentinas,Departed,13:33
13:00,29 Nov,CTC,Catamarca,AR1442,Aerolineas Argentinas,Departed,14:42
13:10,29 Nov,CNQ,Corrientes,AR1772,Aerolineas Argentinas,Departed,13:20
13:20,29 Nov,IRJ,La Rioja,AR1440,Aerolineas Argentinas,Estimated,14:15
13:25,29 Nov,MDQ,Mar Del Plata,AR1610,Aerolineas Argentinas,Departed,13:38
13:25,29 Nov,TUC,Tucuman,AR1480,Aerolineas Argentinas,Departed,13:32
13:30,29 Nov,SCL,Santiago,AR1286,Aerolineas Argentinas,Departed,13:42
13:50,29 Nov,GRU,Sao Paulo,G37665,Gol,Departed,14:15
13:50,29 Nov,BRC,San Carlos de Bariloche,AR1644,Aerolineas Argentinas,Departed,14:04
14:15,29 Nov,FTE,El Calafate,AR1874,Aerolineas Argentinas,Departed,14:35
14:25,29 Nov,UAQ,San Juan,AR1422,Aerolineas Argentinas,Departed,14:52
14:45,29 Nov,RES,Resistencia,AR1782,Aerolineas Argentinas,Departed,15:12
14:50,29 Nov,MDQ,Mar Del Plata,AR1600,Aerolineas Argentinas,Departed,15:09
15:05,29 Nov,VDM,Viedma,AR1640,Aerolineas Argentinas,Departed,15:27
15:35,29 Nov,NQN,Neuquen,AR1656,Aerolineas Argentinas,Departed,16:19
15:40,29 Nov,TUC,Tucuman,AR1486,Aerolineas Argentinas,Departed,16:26
16:00,29 Nov,PRA,Parana,AR1728,Aerolineas Argentinas,Departed,16:08
16:05,29 Nov,REL,Trelew,AR1850,Aerolineas Argentinas,Departed,16:21
16:20,29 Nov,SFN,Santa Fe,AR1722,Aerolineas Argentinas,Departed,17:43
16:45,29 Nov,IGR,Iguazu,AR1738,Aerolineas Argentinas,Departed,16:48
16:45,29 Nov,BOG,Bogota,AR1360,Aerolineas Argentinas,Departed,16:56
16:50,29 Nov,CTC,Catamarca,AR1444,Aerolineas Argentinas,Estimated,19:01
17:05,29 Nov,MDZ,Mendoza,AR1400,Aerolineas Argentinas,Departed,17:13
17:15,29 Nov,COR,Cordoba,AR1544,Aerolineas Argentinas,Departed,17:33
17:15,29 Nov,RHD,Rio Hondo,AR1492,Aerolineas Argentinas,Departed,17:29
17:20,29 Nov,CRD,Comodoro Rivadavia,AR1822,Aerolineas Argentinas,Departed,18:21
17:55,29 Nov,PSS,Posadas,AR1766,Aerolineas Argentinas,Departed,18:37
18:00,29 Nov,COR,Cordoba,AR1506,Aerolineas Argentinas,Departed,19:01
18:05,29 Nov,JUJ,Jujuy,AR1472,Aerolineas Argentinas,Departed,18:27
18:05,29 Nov,GRU,Sao Paulo,G37685,Gol,Departed,18:17
18:20,29 Nov,POA,Porto Alegre,AR1232,Aerolineas Argentinas,Departed,18:33
18:30,29 Nov,MDZ,Mendoza,AR1402,Aerolineas Argentinas,Departed,19:33
18:30,29 Nov,UAQ,San Juan,AR1424,Aerolineas Argentinas,Departed,18:58
18:40,29 Nov,RSA,Santa Rosa,AR1520,Aerolineas Argentinas,Departed,19:54
18:50,29 Nov,LIM,Lima,AR1364,Aerolineas Argentinas,Departed,19:08
19:10,29 Nov,NQN,Neuquen,AR1654,Aerolineas Argentinas,Estimated,20:40
19:25,29 Nov,MDZ,Mendoza,AR1416,Aerolineas Argentinas,Departed,19:40
19:30,29 Nov,SCL,Santiago,AR1282,Aerolineas Argentinas,Departed,19:43
19:35,29 Nov,PSS,Posadas,AR1762,Aerolineas Argentinas,Departed,20:59
20:10,29 Nov,GIG,Rio De Janeiro,AR1262,Aerolineas Argentinas,Departed,20:24
20:20,29 Nov,FLN,Florianopolis,G37693,Gol,Departed,21:30
20:35,29 Nov,ROS,Rosario,AR1708,Aerolineas Argentinas,Departed,20:35
20:40,29 Nov,BHI,Bahia Blanca,AR1622,Aerolineas Argentinas,Departed,21:07
20:45,29 Nov,NQN,Neuquen,AR1652,Aerolineas Argentinas,Departed,21:21
21:40,29 Nov,GRU,Sao Paulo,AR1246,Aerolineas Argentinas,Departed,22:12
23:55,29 Nov,ASU,Asuncion,AR1340,Aerolineas Argentinas,Departed,00:02
04:05,30 Nov,FTE,El Calafate,AR1872,Aerolineas Argentinas,Departed,04:13
04:05,30 Nov,REL,Trelew,AR1854,Aerolineas Argentinas,Departed,04:17
04:40,30 Nov,CRD,Comodoro Rivadavia,AR1836,Aerolineas Argentinas,Departed,04:50
05:05,30 Nov,FTE,El Calafate,AR1866,Aerolineas Argentinas,Departed,05:15
05:05,30 Nov,MDZ,Mendoza,AR1408,Aerolineas Argentinas,Departed,05:18
05:15,30 Nov,IGR,Iguazu,AR1730,Aerolineas Argentinas,Departed,05:21
05:15,30 Nov,NQN,Neuquen,AR1664,Aerolineas Argentinas,Departed,05:36
06:10,30 Nov,IGR,Iguazu,AR1724,Aerolineas Argentinas,Departed,06:19
06:10,30 Nov,MVD,Montevideo,AR1380,Aerolineas Argentinas,Departed,06:24
06:30,30 Nov,GRU,Sao Paulo,AR1240,Aerolineas Argentinas,Departed,06:39
06:35,30 Nov,USH,Ushuaia,AR1892,Aerolineas Argentinas,Departed,06:56
07:10,30 Nov,COR,Cordoba,AR1508,Aerolineas Argentinas,Departed,07:12
07:15,30 Nov,SFN,Santa Fe,AR1720,Aerolineas Argentinas,Departed,07:25
07:20,30 Nov,MDQ,Mar Del Plata,AR1602,Aerolineas Argentinas,Departed,07:28
07:25,30 Nov,FTE,El Calafate,AR1860,Aerolineas Argentinas,Departed,07:35
07:35,30 Nov,TUC,Tucuman,AR1482,Aerolineas Argentinas,Departed,07:40
07:35,30 Nov,GIG,Rio De Janeiro,AR1260,Aerolineas Argentinas,Departed,07:43
08:10,30 Nov,NQN,Neuquen,AR1650,Aerolineas Argentinas,Departed,08:31
08:30,30 Nov,BRC,San Carlos de Bariloche,AR1682,Aerolineas Argentinas,Estimated,08:41
08:40,30 Nov,RGL,Rio Gallegos,AR1800,Aerolineas Argentinas,Departed,08:52
08:50,30 Nov,CNQ,Corrientes,AR1770,Aerolineas Argentinas,Departed,09:00
09:00,30 Nov,FMA,Formosa,AR1768,Aerolineas Argentinas,Estimated,09:25
09:10,30 Nov,CPC,San Martin De Los Andes,AR1672,Aerolineas Argentinas,Departed,09:35
09:10,30 Nov,GRU,Sao Paulo,AR1248,Aerolineas Argentinas,Departed,09:34
09:40,30 Nov,BHI,Bahia Blanca,AR1620,Aerolineas Argentinas,Departed,09:57
09:40,30 Nov,SLA,Salta,AR1456,Aerolineas Argentinas,Departed,09:52
10:00,30 Nov,BRC,San Carlos de Bariloche,AR1684,Aerolineas Argentinas,Departed,10:43
10:00,30 Nov,MDZ,Mendoza,AR1406,Aerolineas Argentinas,Departed,10:22
10:15,30 Nov,MVD,Montevideo,AR1384,Aerolineas Argentinas,Estimated,11:40
10:20,30 Nov,LUQ,San Luis,AR1430,Aerolineas Argentinas,Departed,10:34
10:50,30 Nov,RES,Resistencia,AR1780,Aerolineas Argentinas,Departed,10:56
11:00,30 Nov,MDZ,Mendoza,AR1448,Aerolineas Argentinas,Departed,11:23
11:05,30 Nov,MDQ,Mar Del Plata,AR1608,Aerolineas Argentinas,Departed,11:27
11:10,30 Nov,SCL,Santiago,AR1284,Aerolineas Argentinas,Departed,11:19
11:25,30 Nov,IGR,Iguazu,AR1736,Aerolineas Argentinas,Departed,11:42
11:35,30 Nov,CRD,Comodoro Rivadavia,AR1838,Aerolineas Argentinas,Departed,12:11
11:40,30 Nov,GIG,Rio De Janeiro,G37653,Gol,Departed,11:58
11:40,30 Nov,AFA,San Rafael,AR1434,Aerolineas Argentinas,Departed,12:02
11:45,30 Nov,USH,Ushuaia,AR1882,Aerolineas Argentinas,Departed,11:55
12:10,30 Nov,MDQ,Mar Del Plata,AR1604,Aerolineas Argentinas,Estimated,12:10
12:25,30 Nov,COR,Cordoba,AR1542,Aerolineas Argentinas,Departed,12:35
12:45,30 Nov,CPC,San Martin De Los Andes,AR1670,Aerolineas Argentinas,Departed,13:04
12:50,30 Nov,GRU,Sao Paulo,LA8033,LATAM Airlines,Departed,13:00
13:00,30 Nov,EQS,Esquel,AR1666,Aerolineas Argentinas,Departed,14:14
13:20,30 Nov,TUC,Tucuman,AR1480,Aerolineas Argentinas,Departed,13:24
13:30,30 Nov,FMA,Formosa,AR1760,Aerolineas Argentinas,Departed,13:41
13:30,30 Nov,SCL,Santiago,AR1286,Aerolineas Argentinas,Departed,13:38
13:40,30 Nov,GRU,Sao Paulo,G37665,Gol,Departed,14:20
13:45,30 Nov,VDM,Viedma,AR1640,Aerolineas Argentinas,Departed,14:11
14:00,30 Nov,USH,Ushuaia,AR1886,Aerolineas Argentinas,Departed,15:12
14:10,30 Nov,BRC,San Carlos de Bariloche,AR1676,Aerolineas Argentinas,Departed,15:33
14:30,30 Nov,UAQ,San Juan,AR1422,Aerolineas Argentinas,Departed,14:45
14:45,30 Nov,RES,Resistencia,AR1782,Aerolineas Argentinas,Departed,15:28
15:15,30 Nov,GRU,Sao Paulo,AR1242,Aerolineas Argentinas,Departed,16:21
15:15,30 Nov,REL,Trelew,AR1850,Aerolineas Argentinas,Departed,16:09
15:25,30 Nov,CRD,Comodoro Rivadavia,AR1826,Aerolineas Argentinas,Departed,18:21
15:25,30 Nov,TUC,Tucuman,AR1486,Aerolineas Argentinas,Departed,17:32
15:40,30 Nov,NQN,Neuquen,AR1656,Aerolineas Argentinas,Departed,16:11
16:00,30 Nov,BRC,San Carlos de Bariloche,AR1690,Aerolineas Argentinas,Departed,16:31
16:05,30 Nov,PRA,Parana,AR1728,Aerolineas Argentinas,Departed,16:17
16:10,30 Nov,IRJ,La Rioja,AR1440,Aerolineas Argentinas,Departed,16:59
16:20,30 Nov,SFN,Santa Fe,AR1722,Aerolineas Argentinas,Departed,17:34
16:25,30 Nov,FTE,El Calafate,AR1874,Aerolineas Argentinas,Departed,17:17
16:45,30 Nov,BOG,Bogota,AR1360,Aerolineas Argentinas,Departed,17:16
17:00,30 Nov,CTC,Catamarca,AR1442,Aerolineas Argentinas,Departed,17:57
17:15,30 Nov,MDQ,Mar Del Plata,AR1610,Aerolineas Argentinas,Departed,17:36
17:25,30 Nov,COR,Cordoba,AR1544,Aerolineas Argentinas,Departed,18:19
17:50,30 Nov,JUJ,Jujuy,AR1472,Aerolineas Argentinas,Departed,20:11
18:00,30 Nov,COR,Cordoba,AR1506,Aerolineas Argentinas,Departed,19:24
18:05,30 Nov,GRU,Sao Paulo,G37685,Gol,Departed,18:34
18:15,30 Nov,MDZ,Mendoza,AR1402,Aerolineas Argentinas,Departed,19:08
18:25,30 Nov,RSA,Santa Rosa,AR1520,Aerolineas Argentinas,Departed,18:30
18:35,30 Nov,UAQ,San Juan,AR1424,Aerolineas Argentinas,Estimated,20:30
18:50,30 Nov,IGR,Iguazu,AR1740,Aerolineas Argentinas,Departed,19:39
18:50,30 Nov,LIM,Lima,AR1364,Aerolineas Argentinas,Departed,19:12
19:05,30 Nov,MDZ,Mendoza,AR1416,Aerolineas Argentinas,Departed,19:32
19:10,30 Nov,NQN,Neuquen,AR1654,Aerolineas Argentinas,Departed,19:37
19:10,30 Nov,LUQ,San Luis,AR1432,Aerolineas Argentinas,Departed,19:42
19:10,30 Nov,SSA,Salvador,AR1220,Aerolineas Argentinas,Departed,19:57
19:20,30 Nov,SDE,Santiago Del Estero,AR1490,Aerolineas Argentinas,Departed,20:23
19:30,30 Nov,SCL,Santiago,AR1282,Aerolineas Argentinas,Departed,22:12
19:30,30 Nov,COR,Cordoba,AR1500,Aerolineas Argentinas,Departed,21:07
19:35,30 Nov,PSS,Posadas,AR1762,Aerolineas Argentinas,Departed,21:10
20:10,30 Nov,GIG,Rio De Janeiro,AR1262,Aerolineas Argentinas,Departed,22:03
20:20,30 Nov,FLN,Florianopolis,G37693,Gol,Departed,20:39
20:25,30 Nov,BHI,Bahia Blanca,AR1622,Aerolineas Argentinas,Departed,21:27
20:35,30 Nov,ROS,Rosario,AR1708,Aerolineas Argentinas,Departed,20:54
20:45,30 Nov,NQN,Neuquen,AR1652,Aerolineas Argentinas,Departed,21:42
21:40,30 Nov,GRU,Sao Paulo,AR1246,Aerolineas Argentinas,Departed,23:28
23:55,30 Nov,ASU,Asuncion,AR1340,Aerolineas Argentinas,Departed,00:49
02:05,01 Dec,RGA,Rio Grande,AR1844,Aerolineas Argentinas,Departed,02:16
04:05,01 Dec,REL,Trelew,AR1854,Aerolineas Argentinas,Departed,04:06
04:20,01 Dec,BSB,Brasilia,AR1216,Aerolineas Argentinas,Departed,04:30
04:45,01 Dec,JUJ,Jujuy,AR1470,Aerolineas Argentinas,Departed,04:49
05:10,01 Dec,CWB,Curitiba,AR1228,Aerolineas Argentinas,Departed,05:24
05:25,01 Dec,POA,Porto Alegre,AR1234,Aerolineas Argentinas,Departed,05:32
05:35,01 Dec,FTE,El Calafate,AR1866,Aerolineas Argentinas,Departed,05:41
06:10,01 Dec,MVD,Montevideo,AR1380,Aerolineas Argentinas,Departed,06:14
06:30,01 Dec,IGR,Iguazu,AR1734,Aerolineas Argentinas,Departed,06:34
06:30,01 Dec,GRU,Sao Paulo,AR1240,Aerolineas Argentinas,Departed,06:40
06:55,01 Dec,SLA,Salta,AR1452,Aerolineas Argentinas,Departed,07:09
07:00,01 Dec,MDZ,Mendoza,AR1410,Aerolineas Argentinas,Departed,07:04
07:15,01 Dec,SFN,Santa Fe,AR1720,Aerolineas Argentinas,Departed,07:22
07:15,01 Dec,COR,Cordoba,AR1508,Aerolineas Argentinas,Departed,07:12
07:20,01 Dec,MDQ,Mar Del Plata,AR1602,Aerolineas Argentinas,Departed,07:24
07:30,01 Dec,TUC,Tucuman,AR1482,Aerolineas Argentinas,Departed,07:43
07:35,01 Dec,GIG,Rio De Janeiro,AR1260,Aerolineas Argentinas,Departed,07:41
07:45,01 Dec,ROS,Rosario,AR1702,Aerolineas Argentinas,Departed,07:53
07:55,01 Dec,GRU,Sao Paulo,AR1244,Aerolineas Argentinas,Departed,08:05
08:30,01 Dec,RGL,Rio Gallegos,AR1800,Aerolineas Argentinas,Departed,08:53
08:30,01 Dec,BRC,San Carlos de Bariloche,AR1682,Aerolineas Argentinas,Departed,08:49
08:50,01 Dec,CNQ,Corrientes,AR1770,Aerolineas Argentinas,Departed,08:56
08:50,01 Dec,FMA,Formosa,AR1768,Aerolineas Argentinas,Departed,09:05
09:40,01 Dec,SLA,Salta,AR1456,Aerolineas Argentinas,Departed,09:54
09:45,01 Dec,USH,Ushuaia,AR1896,Aerolineas Argentinas,Departed,10:37
09:45,01 Dec,ASU,Asuncion,AR1342,Aerolineas Argentinas,Departed,10:05
09:50,01 Dec,BHI,Bahia Blanca,AR1620,Aerolineas Argentinas,Departed,09:52
09:55,01 Dec,MDQ,Mar Del Plata,AR1608,Aerolineas Argentinas,Departed,10:52
10:00,01 Dec,CRD,Comodoro Rivadavia,AR1834,Aerolineas Argentinas,Departed,10:34
10:15,01 Dec,MVD,Montevideo,AR1384,Aerolineas Argentinas,Departed,10:57
10:20,01 Dec,LUQ,San Luis,AR1430,Aerolineas Argentinas,Departed,10:31
10:40,01 Dec,MDZ,Mendoza,AR1448,Aerolineas Argentinas,Departed,11:10
10:50,01 Dec,RES,Resistencia,AR1780,Aerolineas Argentinas,Departed,11:26
11:05,01 Dec,MDQ,Mar Del Plata,AR1604,Aerolineas Argentinas,Estimated,11:25
11:10,01 Dec,SCL,Santiago,AR1284,Aerolineas Argentinas,Departed,13:20
11:40,01 Dec,AFA,San Rafael,AR1434,Aerolineas Argentinas,Cancelled,11:44
11:50,01 Dec,GIG,Rio De Janeiro,AR1268,Aerolineas Argentinas,Cancelled,11:55
12:10,01 Dec,GIG,Rio De Janeiro,G37653,Gol,Departed,14:44
12:10,01 Dec,SDE,Santiago Del Estero,AR1494,Aerolineas Argentinas,Cancelled,12:15
12:20,01 Dec,CPC,San Martin De Los Andes,AR1670,Aerolineas Argentinas,Cancelled,12:30
12:45,01 Dec,BRC,San Carlos de Bariloche,AR1684,Aerolineas Argentinas,Estimated,12:45
12:50,01 Dec,GRU,Sao Paulo,LA8033,LATAM Airlines,Departed,16:24
13:00,01 Dec,SLA,Salta,AR1450,Aerolineas Argentinas,Estimated,14:50
13:05,01 Dec,EQS,Esquel,AR1666,Aerolineas Argentinas,Cancelled,13:15
13:20,01 Dec,CNQ,Corrientes,AR1772,Aerolineas Argentinas,Cancelled,13:30
13:30,01 Dec,SCL,Santiago,AR1286,Aerolineas Argentinas,Unknown,13:35
13:35,01 Dec,IRJ,La Rioja,AR1440,Aerolineas Argentinas,Estimated,16:00
13:55,01 Dec,BRC,San Carlos de Bariloche,AR1644,Aerolineas Argentinas,Estimated,16:10
14:20,01 Dec,UAQ,San Juan,AR1422,Aerolineas Argentinas,Unknown,14:30
14:30,01 Dec,NQN,Neuquen,AR1656,Aerolineas Argentinas,Estimated,15:45
14:45,01 Dec,BRC,San Carlos de Bariloche,AR1676,Aerolineas Argentinas,Estimated,15:30
14:45,01 Dec,RES,Resistencia,AR1782,Aerolineas Argentinas,Estimated,16:40
14:55,01 Dec,USH,Ushuaia,AR1880,Aerolineas Argentinas,Departed,17:13
15:15,01 Dec,GRU,Sao Paulo,AR1242,Aerolineas Argentinas,Cancelled,15:19
15:25,01 Dec,TUC,Tucuman,AR1486,Aerolineas Argentinas,Estimated,18:10
15:40,01 Dec,IGR,Iguazu,AR1736,Aerolineas Argentinas,Cancelled,15:40
15:50,01 Dec,USH,Ushuaia,AR1886,Aerolineas Argentinas,Departed,18:36
16:00,01 Dec,PRA,Parana,AR1728,Aerolineas Argentinas,Estimated,17:00
16:15,01 Dec,MDQ,Mar Del Plata,AR1600,Aerolineas Argentinas,Estimated,18:00
16:15,01 Dec,GRU,Sao Paulo,AR1238,Aerolineas Argentinas,Departed,18:17
16:20,01 Dec,SFN,Santa Fe,AR1722,Aerolineas Argentinas,Departed,17:38
16:20,01 Dec,REL,Trelew,AR1850,Aerolineas Argentinas,Departed,18:24
16:40,01 Dec,IGR,Iguazu,AR1738,Aerolineas Argentinas,Estimated,19:20
16:45,01 Dec,BOG,Bogota,AR1360,Aerolineas Argentinas,Departed,18:41
16:50,01 Dec,FMA,Formosa,AR1760,Aerolineas Argentinas,Cancelled,17:00
17:30,01 Dec,COR,Cordoba,AR1544,Aerolineas Argentinas,Unknown,17:40
17:55,01 Dec,PSS,Posadas,AR1766,Aerolineas Argentinas,Estimated,21:00
18:00,01 Dec,COR,Cordoba,AR1506,Aerolineas Argentinas,Cancelled,18:05
18:30,01 Dec,UAQ,San Juan,AR1424,Aerolineas Argentinas,Estimated,19:10
18:30,01 Dec,MDZ,Mendoza,AR1402,Aerolineas Argentinas,Estimated,20:00
18:40,01 Dec,RSA,Santa Rosa,AR1520,Aerolineas Argentinas,Estimated,20:25
18:50,01 Dec,LIM,Lima,AR1364,Aerolineas Argentinas,Departed,20:39
19:10,01 Dec,NQN,Neuquen,AR1654,Aerolineas Argentinas,Departed,19:44
19:10,01 Dec,LUQ,San Luis,AR1432,Aerolineas Argentinas,Departed,20:13
19:25,01 Dec,MDZ,Mendoza,AR1416,Aerolineas Argentinas,Cancelled,19:30
19:30,01 Dec,COR,Cordoba,AR1500,Aerolineas Argentinas,Unknown,19:30
19:35,01 Dec,PSS,Posadas,AR1762,Aerolineas Argentinas,Estimated,20:55
20:10,01 Dec,GIG,Rio De Janeiro,AR1262,Aerolineas Argentinas,Departed,21:40
20:20,01 Dec,FLN,Florianopolis,G37693,Gol,Departed,20:52
20:35,01 Dec,ROS,Rosario,AR1708,Aerolineas Argentinas,Departed,21:24
20:40,01 Dec,BHI,Bahia Blanca,AR1622,Aerolineas Argentinas,Departed,21:47
20:40,01 Dec,MDQ,Mar Del Plata,AR1610,Aerolineas Argentinas,Cancelled,20:45
21:00,01 Dec,BRC,San Carlos de Bariloche,AR1678,Aerolineas Argentinas,Departed,22:40
21:40,01 Dec,GRU,Sao Paulo,AR1246,Aerolineas Argentinas,Departed,22:34
22:20,01 Dec,BRC,San Carlos de Bariloche,AR1686,Aerolineas Argentinas,Departed,23:11
23:55,01 Dec,ASU,Asuncion,AR1340,Aerolineas Argentinas,Departed,00:36
02:05,02 Dec,RGA,Rio Grande,AR1844,Aerolineas Argentinas,Departed,02:27
04:05,02 Dec,REL,Trelew,AR1854,Aerolineas Argentinas,Departed,04:07
04:40,02 Dec,USH,Ushuaia,AR1882,Aerolineas Argentinas,Departed,05:08
04:45,02 Dec,JUJ,Jujuy,AR1470,Aerolineas Argentinas,Departed,04:58
05:10,02 Dec,MDZ,Mendoza,AR1408,Aerolineas Argentinas,Departed,05:24
05:25,02 Dec,POA,Porto Alegre,AR1234,Aerolineas Argentinas,Departed,05:50
05:35,02 Dec,IGR,Iguazu,AR1724,Aerolineas Argentinas,Departed,05:53
06:10,02 Dec,MVD,Montevideo,AR1380,Aerolineas Argentinas,Departed,06:24
06:30,02 Dec,GRU,Sao Paulo,AR1240,Aerolineas Argentinas,Departed,06:44
06:35,02 Dec,USH,Ushuaia,AR1892,Aerolineas Argentinas,Departed,06:48
06:35,02 Dec,IGR,Iguazu,AR1734,Aerolineas Argentinas,Departed,06:46
06:50,02 Dec,MDZ,Mendoza,AR1410,Aerolineas Argentinas,Departed,07:02
07:10,02 Dec,COR,Cordoba,AR1508,Aerolineas Argentinas,Departed,07:26
07:15,02 Dec,SFN,Santa Fe,AR1720,Aerolineas Argentinas,Departed,07:25
07:20,02 Dec,MDQ,Mar Del Plata,AR1602,Aerolineas Argentinas,Departed,07:37
07:25,02 Dec,CNQ,Corrientes,AR1770,Aerolineas Argentinas,Departed,07:31
07:35,02 Dec,MDZ,Mendoza,AR1404,Aerolineas Argentinas,Departed,07:44
07:35,02 Dec,GIG,Rio De Janeiro,AR1260,Aerolineas Argentinas,Departed,07:47
07:45,02 Dec,TUC,Tucuman,AR1482,Aerolineas Argentinas,Departed,08:02
08:10,02 Dec,MDZ,Mendoza,AR1412,Aerolineas Argentinas,Departed,08:20
08:30,02 Dec,RGL,Rio Gallegos,AR1800,Aerolineas Argentinas,Departed,09:08
08:45,02 Dec,FMA,Formosa,AR1768,Aerolineas Argentinas,Departed,09:10
08:55,02 Dec,BHI,Bahia Blanca,AR1620,Aerolineas Argentinas,Departed,09:17
08:55,02 Dec,MDQ,Mar Del Plata,AR1604,Aerolineas Argentinas,Departed,09:06
09:10,02 Dec,CPC,San Martin De Los Andes,AR1672,Aerolineas Argentinas,Departed,09:22
09:10,02 Dec,GRU,Sao Paulo,AR1248,Aerolineas Argentinas,Departed,09:29
09:15,02 Dec,CTC,Catamarca,AR1442,Aerolineas Argentinas,Departed,09:32
09:40,02 Dec,MDZ,Mendoza,AR1400,Aerolineas Argentinas,Departed,09:59
09:40,02 Dec,SLA,Salta,AR1456,Aerolineas Argentinas,Departed,09:49
09:40,02 Dec,LUQ,San Luis,AR1430,Aerolineas Argentinas,Departed,10:05
09:50,02 Dec,IGR,Iguazu,AR1736,Aerolineas Argentinas,Departed,10:10
10:15,02 Dec,BRC,San Carlos de Bariloche,AR1684,Aerolineas Argentinas,Departed,10:46
10:15,02 Dec,MVD,Montevideo,AR1384,Aerolineas Argentinas,Departed,10:27
10:35,02 Dec,IRJ,La Rioja,AR1440,Aerolineas Argentinas,Departed,10:44
10:50,02 Dec,RES,Resistencia,AR1780,Aerolineas Argentinas,Departed,11:19
11:00,02 Dec,REL,Trelew,AR1852,Aerolineas Argentinas,Departed,11:10
11:05,02 Dec,MDQ,Mar Del Plata,AR1608,Aerolineas Argentinas,Departed,11:39
11:10,02 Dec,SCL,Santiago,AR1284,Aerolineas Argentinas,Departed,11:25
11:35,02 Dec,CRD,Comodoro Rivadavia,AR1838,Aerolineas Argentinas,Departed,12:15
11:40,02 Dec,MDZ,Mendoza,AR1406,Aerolineas Argentinas,Departed,12:04
11:40,02 Dec,GIG,Rio De Janeiro,G37653,Gol,Departed,12:13
11:40,02 Dec,AFA,San Rafael,AR1434,Aerolineas Argentinas,Departed,11:51
11:55,02 Dec,CNQ,Corrientes,AR1772,Aerolineas Argentinas,Estimated,13:20
12:05,02 Dec,BRC,San Carlos de Bariloche,AR1676,Aerolineas Argentinas,Departed,12:24
12:10,02 Dec,SDE,Santiago Del Estero,AR1494,Aerolineas Argentinas,Departed,12:35
12:45,02 Dec,CPC,San Martin De Los Andes,AR1670,Aerolineas Argentinas,Departed,13:14
12:50,02 Dec,GRU,Sao Paulo,LA8033,LATAM Airlines,Departed,13:00
12:55,02 Dec,COR,Cordoba,AR1500,Aerolineas Argentinas,Departed,13:01
13:00,02 Dec,EQS,Esquel,AR1666,Aerolineas Argentinas,Departed,13:40
13:05,02 Dec,TUC,Tucuman,AR1484,Aerolineas Argentinas,Departed,13:38
13:10,02 Dec,UAQ,San Juan,AR1424,Aerolineas Argentinas,Departed,13:34
13:15,02 Dec,SLA,Salta,AR1450,Aerolineas Argentinas,Departed,13:25
13:30,02 Dec,SCL,Santiago,AR1286,Aerolineas Argentinas,Departed,15:08
13:40,02 Dec,GRU,Sao Paulo,G37665,Gol,Departed,14:47
13:50,02 Dec,CWB,Curitiba,AR1226,Aerolineas Argentinas,Departed,13:57
13:55,02 Dec,RES,Resistencia,AR1784,Aerolineas Argentinas,Departed,14:18
14:10,02 Dec,TUC,Tucuman,AR1480,Aerolineas Argentinas,Departed,15:18
14:20,02 Dec,FTE,El Calafate,AR1870,Aerolineas Argentinas,Departed,14:38
15:05,02 Dec,VDM,Viedma,AR1640,Aerolineas Argentinas,Departed,15:55
15:25,02 Dec,CRD,Comodoro Rivadavia,AR1826,Aerolineas Argentinas,Departed,15:38
15:50,02 Dec,USH,Ushuaia,AR1886,Aerolineas Argentinas,Departed,16:16
15:55,02 Dec,FLN,Florianopolis,G37693,Gol,Departed,16:14
16:05,02 Dec,REL,Trelew,AR1850,Aerolineas Argentinas,Departed,16:21
16:20,02 Dec,SFN,Santa Fe,AR1722,Aerolineas Argentinas,Departed,16:30
16:40,02 Dec,IGR,Iguazu,AR1738,Aerolineas Argentinas,Departed,16:51
16:45,02 Dec,BOG,Bogota,AR1360,Aerolineas Argentinas,Departed,17:14
16:50,02 Dec,FMA,Formosa,AR1778,Aerolineas Argentinas,Departed,17:38
17:15,02 Dec,RHD,Rio Hondo,AR1492,Aerolineas Argentinas,Departed,17:25
17:30,02 Dec,COR,Cordoba,AR1544,Aerolineas Argentinas,Departed,17:44
17:45,02 Dec,COR,Cordoba,AR1506,Aerolineas Argentinas,Departed,17:49
17:55,02 Dec,GRU,Sao Paulo,G37685,Gol,Departed,18:18
18:10,02 Dec,JUJ,Jujuy,AR1472,Aerolineas Argentinas,Departed,18:39
18:45,02 Dec,MDZ,Mendoza,AR1416,Aerolineas Argentinas,Departed,20:01
18:50,02 Dec,IGR,Iguazu,AR1740,Aerolineas Argentinas,Departed,19:19
18:50,02 Dec,LIM,Lima,AR1364,Aerolineas Argentinas,Departed,19:01
19:10,02 Dec,LUQ,San Luis,AR1432,Aerolineas Argentinas,Departed,19:07
19:10,02 Dec,SSA,Salvador,AR1220,Aerolineas Argentinas,Departed,19:31
19:35,02 Dec,PSS,Posadas,AR1762,Aerolineas Argentinas,Departed,19:51
19:55,02 Dec,REC,Recife,G37753,Gol,Departed,20:10
20:35,02 Dec,ROS,Rosario,AR1708,Aerolineas Argentinas,Departed,21:02
20:40,02 Dec,BHI,Bahia Blanca,AR1622,Aerolineas Argentinas,Departed,20:49
20:45,02 Dec,NQN,Neuquen,AR1652,Aerolineas Argentinas,Departed,20:53
20:55,02 Dec,GIG,Rio De Janeiro,AR1262,Aerolineas Argentinas,Departed,21:22
21:40,02 Dec,GRU,Sao Paulo,AR1246,Aerolineas Argentinas,Departed,22:10
21:55,02 Dec,SSA,Salvador,G37491,Gol,Departed,22:04
23:55,02 Dec,ASU,Asuncion,AR1340,Aerolineas Argentinas,Departed,00:01
04:05,03 Dec,USH,Ushuaia,AR1884,Aerolineas Argentinas,Departed,04:13
04:45,03 Dec,JUJ,Jujuy,AR1470,Aerolineas Argentinas,Departed,04:58
05:00,03 Dec,MDZ,Mendoza,AR1408,Aerolineas Argentinas,Departed,05:08
05:05,03 Dec,FTE,El Calafate,AR1698,Aerolineas Argentinas,Departed,05:32
05:15,03 Dec,IGR,Iguazu,AR1730,Aerolineas Argentinas,Departed,05:38
06:05,03 Dec,FTE,El Calafate,AR1870,Aerolineas Argentinas,Departed,06:20
06:20,03 Dec,IGR,Iguazu,AR1734,Aerolineas Argentinas,Departed,06:26
06:40,03 Dec,BRC,San Carlos de Bariloche,AR1642,Aerolineas Argentinas,Departed,06:53
07:00,03 Dec,MDZ,Mendoza,AR1410,Aerolineas Argentinas,Departed,07:09
07:10,03 Dec,COR,Cordoba,AR1508,Aerolineas Argentinas,Departed,07:24
07:35,03 Dec,GIG,Rio De Janeiro,AR1260,Aerolineas Argentinas,Departed,07:47
08:05,03 Dec,ROS,Rosario,AR1702,Aerolineas Argentinas,Departed,08:20
08:45,03 Dec,COR,Cordoba,AR1506,Aerolineas Argentinas,Departed,09:13
09:10,03 Dec,CPC,San Martin De Los Andes,AR1672,Aerolineas Argentinas,Departed,09:19
09:10,03 Dec,GRU,Sao Paulo,AR1248,Aerolineas Argentinas,Unknown,09:15
09:30,03 Dec,NQN,Neuquen,AR1658,Aerolineas Argentinas,Departed,09:36
09:40,03 Dec,BHI,Bahia Blanca,AR1620,Aerolineas Argentinas,Departed,09:49
09:40,03 Dec,SLA,Salta,AR1456,Aerolineas Argentinas,Departed,09:52
09:45,03 Dec,USH,Ushuaia,AR1896,Aerolineas Argentinas,Departed,10:00
10:00,03 Dec,CRD,Comodoro Rivadavia,AR1834,Aerolineas Argentinas,Departed,10:25
10:15,03 Dec,BRC,San Carlos de Bariloche,AR1684,Aerolineas Argentinas,Departed,10:29
10:20,03 Dec,LUQ,San Luis,AR1430,Aerolineas Argentinas,Departed,10:35
10:50,03 Dec,RES,Resistencia,AR1780,Aerolineas Argentinas,Departed,11:37
10:50,03 Dec,IGR,Iguazu,AR1736,Aerolineas Argentinas,Departed,11:00
10:50,03 Dec,PRA,Parana,AR1728,Aerolineas Argentinas,Departed,10:54
11:10,03 Dec,MDQ,Mar Del Plata,AR1602,Aerolineas Argentinas,Departed,11:19
11:10,03 Dec,SCL,Santiago,AR1284,Aerolineas Argentinas,Departed,11:24
11:50,03 Dec,GIG,Rio De Janeiro,G37653,Gol,Departed,12:02
11:55,03 Dec,AFA,San Rafael,AR1434,Aerolineas Argentinas,Departed,12:06
12:10,03 Dec,SDE,Santiago Del Estero,AR1494,Aerolineas Argentinas,Departed,12:59
12:15,03 Dec,PSS,Posadas,AR1766,Aerolineas Argentinas,Departed,12:23
12:20,03 Dec,MDQ,Mar Del Plata,AR1604,Aerolineas Argentinas,Departed,12:31
12:50,03 Dec,GRU,Sao Paulo,LA8033,LATAM Airlines,Departed,13:08
13:00,03 Dec,CPC,San Martin De Los Andes,AR1670,Aerolineas Argentinas,Departed,13:11
13:05,03 Dec,USH,Ushuaia,AR1892,Aerolineas Argentinas,Departed,13:16
13:05,03 Dec,FMA,Formosa,AR1778,Aerolineas Argentinas,Departed,13:35
13:15,03 Dec,TUC,Tucuman,AR1480,Aerolineas Argentinas,Departed,13:46
13:30,03 Dec,SCL,Santiago,AR1286,Aerolineas Argentinas,Departed,13:47
13:30,03 Dec,MDQ,Mar Del Plata,AR1600,Aerolineas Argentinas,Estimated,14:20
13:40,03 Dec,EQS,Esquel,AR1666,Aerolineas Argentinas,Departed,14:13
13:50,03 Dec,GRU,Sao Paulo,G37665,Gol,Departed,14:06
13:50,03 Dec,COR,Cordoba,AR1504,Aerolineas Argentinas,Departed,14:36
14:00,03 Dec,CNQ,Corrientes,AR1772,Aerolineas Argentinas,Departed,14:14
14:40,03 Dec,TUC,Tucuman,AR1486,Aerolineas Argentinas,Departed,15:21
14:45,03 Dec,RES,Resistencia,AR1782,Aerolineas Argentinas,Departed,14:53
15:10,03 Dec,IRJ,La Rioja,AR1440,Aerolineas Argentinas,Departed,15:16
15:15,03 Dec,GRU,Sao Paulo,AR1242,Aerolineas Argentinas,Departed,15:36
15:30,03 Dec,USH,Ushuaia,AR1886,Aerolineas Argentinas,Departed,15:43
15:40,03 Dec,NQN,Neuquen,AR1656,Aerolineas Argentinas,Departed,16:04
16:05,03 Dec,REL,Trelew,AR1850,Aerolineas Argentinas,Departed,16:13
16:05,03 Dec,BSB,Brasilia,AR1218,Aerolineas Argentinas,Departed,16:31
16:45,03 Dec,BOG,Bogota,AR1360,Aerolineas Argentinas,Departed,16:46
16:45,03 Dec,SLA,Salta,AR1468,Aerolineas Argentinas,Departed,16:52
16:50,03 Dec,FMA,Formosa,AR1760,Aerolineas Argentinas,Departed,16:58
17:20,03 Dec,CRD,Comodoro Rivadavia,AR1822,Aerolineas Argentinas,Departed,17:33
17:30,03 Dec,COR,Cordoba,AR1544,Aerolineas Argentinas,Departed,18:17
17:55,03 Dec,GRU,Sao Paulo,G37685,Gol,Departed,18:30
17:55,03 Dec,MDZ,Mendoza,AR1402,Aerolineas Argentinas,Departed,18:26
18:05,03 Dec,JUJ,Jujuy,AR1472,Aerolineas Argentinas,Departed,18:34
18:20,03 Dec,POA,Porto Alegre,AR1232,Aerolineas Argentinas,Departed,18:49
18:30,03 Dec,RSA,Santa Rosa,AR1520,Aerolineas Argentinas,Departed,18:43
18:35,03 Dec,UAQ,San Juan,AR1424,Aerolineas Argentinas,Departed,18:57
18:45,03 Dec,NQN,Neuquen,AR1654,Aerolineas Argentinas,Departed,19:01
18:50,03 Dec,IGR,Iguazu,AR1740,Aerolineas Argentinas,Departed,19:07
18:50,03 Dec,LIM,Lima,AR1364,Aerolineas Argentinas,Departed,19:17
19:00,03 Dec,MDZ,Mendoza,AR1416,Aerolineas Argentinas,Departed,20:45
19:10,03 Dec,SSA,Salvador,AR1220,Aerolineas Argentinas,Departed,19:30
19:20,03 Dec,SDE,Santiago Del Estero,AR1490,Aerolineas Argentinas,Departed,19:32
19:30,03 Dec,SCL,Santiago,AR1282,Aerolineas Argentinas,Departed,19:40
19:35,03 Dec,PSS,Posadas,AR1762,Aerolineas Argentinas,Departed,19:53
20:10,03 Dec,GIG,Rio De Janeiro,AR1262,Aerolineas Argentinas,Departed,20:21
20:20,03 Dec,FLN,Florianopolis,G37693,Gol,Departed,20:40
20:30,03 Dec,MDQ,Mar Del Plata,AR1610,Aerolineas Argentinas,Departed,20:49
20:30,03 Dec,BRC,San Carlos de Bariloche,AR1678,Aerolineas Argentinas,Departed,21:03
20:35,03 Dec,ROS,Rosario,AR1708,Aerolineas Argentinas,Estimated,21:15
20:40,03 Dec,BHI,Bahia Blanca,AR1622,Aerolineas Argentinas,Departed,20:58
20:45,03 Dec,NQN,Neuquen,AR1652,Aerolineas Argentinas,Departed,21:15
21:40,03 Dec,GRU,Sao Paulo,AR1246,Aerolineas Argentinas,Departed,21:56
22:20,03 Dec,BRC,San Carlos de Bariloche,AR1686,Aerolineas Argentinas,Departed,22:47
23:55,03 Dec,ASU,Asuncion,AR1340,Aerolineas Argentinas,Departed,23:49